{
  "target_statistics": {
    "vix_term_structure_slope": {
      "count": 4081,
      "mean": 1.8957191864739036,
      "std": 1.707984802862927,
      "min": -18.229999999999997,
      "max": 6.66,
      "skewness": -2.7729160025533397,
      "kurtosis": 18.231468748965952,
      "autocorr_1d": 0.9030754320945642,
      "autocorr_2d": 0.8339542601642318,
      "autocorr_5d": 0.6688788986770667,
      "autocorr_10d": 0.5489857320775678,
      "autocorr_20d": 0.36224006205044257,
      "autocorr_60d": 0.06514979112454655,
      "time_trend_correlation": -0.0028902717188247066,
      "mean_high_vol": 2.004653887113951,
      "std_high_vol": 1.701930285815311,
      "autocorr_high_vol": 0.9183137605595927,
      "mean_crisis": -0.3900244498777506,
      "std_crisis": 3.2422844689866603,
      "autocorr_crisis": 0.8526267213176332,
      "mean_normal": 2.1191774891774893,
      "std_normal": 1.1786577026546738,
      "autocorr_normal": 0.9140591168494574,
      "mean_low_vol": 2.2838901262063844,
      "std_low_vol": 0.6403416712757903,
      "autocorr_low_vol": 0.8632970728625772,
      "abs_autocorr_sum": 3.3822841761884197,
      "meta_learning_score": 4.091572391347224
    },
    "realized_implied_spread": {
      "count": 4081,
      "mean": 5.881119729303048,
      "std": 9.019155053465475,
      "min": -9.68,
      "max": 69.1916107107871,
      "skewness": 1.2273725343016135,
      "kurtosis": 3.135711844965895,
      "autocorr_1d": 0.7242400920455317,
      "autocorr_2d": 0.5812734723652644,
      "autocorr_5d": 0.5204497636813092,
      "autocorr_10d": 0.5342249384665055,
      "autocorr_20d": 0.3488068490320655,
      "autocorr_60d": 0.21979775269798876,
      "time_trend_correlation": -0.12226382113236213,
      "mean_high_vol": 9.582943962746196,
      "std_high_vol": 6.7867536013477805,
      "autocorr_high_vol": 0.43198921675906754,
      "mean_crisis": 20.113997084590174,
      "std_crisis": 10.088023436208875,
      "autocorr_crisis": 0.6853715977221909,
      "mean_normal": 4.133968003431209,
      "std_normal": 6.832993967224247,
      "autocorr_normal": 0.3691732034280077,
      "mean_low_vol": 0.7766598173081088,
      "std_low_vol": 5.937318248562785,
      "autocorr_low_vol": 0.615552085570536,
      "abs_autocorr_sum": 2.928792868288665,
      "meta_learning_score": 4.175454108785971
    },
    "cross_asset_correlation": {
      "count": 4081,
      "mean": 0.4652300503170667,
      "std": 0.3255992792474801,
      "min": -0.6112927699124491,
      "max": 0.9636334596736899,
      "skewness": -0.6941325886623572,
      "kurtosis": 0.015259489683153049,
      "autocorr_1d": 0.9952568538922344,
      "autocorr_2d": 0.9841966499137386,
      "autocorr_5d": 0.9274412741504519,
      "autocorr_10d": 0.7993620177561385,
      "autocorr_20d": 0.543313447668727,
      "autocorr_60d": 0.16713681027506602,
      "time_trend_correlation": -0.19878448802234003,
      "mean_high_vol": 0.5551848359313688,
      "std_high_vol": 0.2681802167400546,
      "autocorr_high_vol": 0.9443698898385701,
      "mean_crisis": 0.6618751056110134,
      "std_crisis": 0.27932372536413935,
      "autocorr_crisis": 0.9419441409034504,
      "mean_normal": 0.4590496590183229,
      "std_normal": 0.30690970535018663,
      "autocorr_normal": 0.9632363087504413,
      "mean_low_vol": 0.34917262717898595,
      "std_low_vol": 0.34604335955206966,
      "autocorr_low_vol": 0.9770237901987283,
      "abs_autocorr_sum": 4.416707053656356,
      "meta_learning_score": 4.572207540127481
    },
    "volatility_dispersion": {
      "count": 4081,
      "mean": -10.969351302785265,
      "std": 3.6426563560425684,
      "min": -23.095333333333322,
      "max": 12.051333333333332,
      "skewness": 0.2161722309301658,
      "kurtosis": 1.3824686255356147,
      "autocorr_1d": 0.9172039053514606,
      "autocorr_2d": 0.8740468542684308,
      "autocorr_5d": 0.7378600060289396,
      "autocorr_10d": 0.5686991018945171,
      "autocorr_20d": 0.2742172748073355,
      "autocorr_60d": 0.37105311982669087,
      "time_trend_correlation": 0.2509761066913661,
      "mean_high_vol": -11.23043237486688,
      "std_high_vol": 3.0030596593656504,
      "autocorr_high_vol": 0.8423286001902024,
      "mean_crisis": -8.103044824775877,
      "std_crisis": 5.268276883657206,
      "autocorr_crisis": 0.8250703722504277,
      "mean_normal": -11.530833092833092,
      "std_normal": 3.408079475298045,
      "autocorr_normal": 0.8967309405960736,
      "mean_low_vol": -11.079930710220243,
      "std_low_vol": 3.269665091910348,
      "autocorr_low_vol": 0.9341838526939339,
      "abs_autocorr_sum": 3.743080262177374,
      "meta_learning_score": 4.527801217010704
    },
    "vol_of_vol_ratio": {
      "count": 4081,
      "mean": 5.532257975715277,
      "std": 1.3752752331670104,
      "min": 2.05445872532132,
      "max": 10.316939890710383,
      "skewness": 0.2940545695765596,
      "kurtosis": 0.29702514058800267,
      "autocorr_1d": 0.9855468561274884,
      "autocorr_2d": 0.9722681841108576,
      "autocorr_5d": 0.9364007788730931,
      "autocorr_10d": 0.8874136824496978,
      "autocorr_20d": 0.8319312576597999,
      "autocorr_60d": 0.584464869382468,
      "time_trend_correlation": 0.17980309587764629,
      "mean_high_vol": 4.469300592206109,
      "std_high_vol": 0.7856315586099059,
      "autocorr_high_vol": 0.9538614777462812,
      "mean_crisis": 3.5697532558311047,
      "std_crisis": 0.6479171843727519,
      "autocorr_crisis": 0.8992786642444108,
      "mean_normal": 5.632942675799454,
      "std_normal": 0.7098172511280745,
      "autocorr_normal": 0.9409048698475247,
      "mean_low_vol": 6.765541137727948,
      "std_low_vol": 1.0799344340247956,
      "autocorr_low_vol": 0.9737979364945449,
      "abs_autocorr_sum": 5.198025628603404,
      "meta_learning_score": 5.343435087551228
    }
  },
  "regime_info": {
    "low_thresh": 14.624,
    "high_thresh": 19.54,
    "crisis_thresh": 27.27,
    "regime_counts": {
      "normal": 1386,
      "low_vol": 1347,
      "high_vol": 939,
      "crisis": 409
    }
  },
  "zero_nan_verification": {
    "vix_term_structure_slope": 0,
    "realized_volatility_30d": 0,
    "realized_implied_spread": 0,
    "cross_asset_correlation": 0,
    "volatility_dispersion": 0,
    "vol_of_vol_ratio": 0
  },
  "data_summary": {
    "total_observations": 4081,
    "date_range": {
      "start": "2009-09-18T00:00:00",
      "end": "2025-05-09T00:00:00"
    },